read_id	strand	start	end	matched_seq
0_YCZ4B8_11	nnnwsnnnwsnnnwsnnnwscagannnwsnnnwsnnnwsnnnws	+	2828	TGAACCCCTCACCACCGAAGCAGAGTTTGAACAGTATACAGTAC
1_YCZ4B8_11	nnnwsnnnwsnnnwsnnnwscagannnwsnnnwsnnnwsnnnws	-	1639	TGAACCCCTCACCACCGAAGCAGAGTTTGAACAGTATACAGTAC
2_YCZ4B8_11	nnnwsnnnwsnnnwsnnnwscagannnwsnnnwsnnnwsnnnws	-	5008	TGAACCCCTCACCACCGAAGCAGAGTTTGAACAGTATACAGTAC
3_YCZ4B8_11	nnnwsnnnwsnnnwsnnnwscagannnwsnnnwsnnnwsnnnws	-	562	CGAACCCCTCACCACCGAAGCAGAGTTTGAACAGTATACAGTAC
5_YCZ4B8_11	nnnwsnnnwsnnnwsnnnwscagannnwsnnnwsnnnwsnnnws	-	4666	TGAACCCCTCACCACCGAAGCAGAGTTTGAACAGTATACAGTAC
7_YCZ4B8_11	nnnwsnnnwsnnnwsnnnwscagannnwsnnnwsnnnwsnnnws	+	3636	TGAACCCCTCACCACCGAAGCAGAGTTTGAACAGTATACAGTAC
8_YCZ4B8_11	nnnwsnnnwsnnnwsnnnwscagannnwsnnnwsnnnwsnnnws	+	4966	TGAACCCCTCACCACCAAAGCAGAGTTTGAACAGTATACAGTAC
10_YCZ4B8_11	nnnwsnnnwsnnnwsnnnwscagannnwsnnnwsnnnwsnnnws	-	1004	TGAACCCCTCACCACCGAAGCAGAGTTTGAACAGTATACAGTAC
11_YCZ4B8_11	nnnwsnnnwsnnnwsnnnwscagannnwsnnnwsnnnwsnnnws	+	39	TGAACCCCTCACCACCGAAGCAGAGTTTGAACAGTATACAGTAC
12_YCZ4B8_11	nnnwsnnnwsnnnwsnnnwscagannnwsnnnwsnnnwsnnnws	-	3411	TGAACCCCTCACCACCGAAGCAGAGTTTGAACAGTATACAGTAC
14_YCZ4B8_11	nnnwsnnnwsnnnwsnnnwscagannnwsnnnwsnnnwsnnnws	+	2552	TGAACCCCTCACCACCGAAGCAGAGTTTGAACAGTATACAGTAC
15_YCZ4B8_11	nnnwsnnnwsnnnwsnnnwscagannnwsnnnwsnnnwsnnnws	-	1294	TGAACCCCTCACCACCGAAGCAGAGTTTGAACAGTATACAGTAC
16_YCZ4B8_11	nnnwsnnnwsnnnwsnnnwscagannnwsnnnwsnnnwsnnnws	+	39	TGAACCCCTCACCACCGAAGCAGAGTTTGAACAGTATACAGTAC
